{
  "n_questions": 119,
  "recall@1": 0.31092436974789917,
  "precision@1": 0.31092436974789917,
  "recall@3": 0.5042016806722689,
  "precision@3": 0.16806722689075626,
  "recall@5": 0.6134453781512605,
  "precision@5": 0.12268907563025193,
  "mrr": 0.4187675070028012,
  "config": "recursive_t1024_o128",
  "embedding_model": "text-embedding-3-small"
}