{
  "n_questions": 140,
  "recall@1": 0.2,
  "precision@1": 0.2,
  "recall@5": 0.5214285714285715,
  "precision@5": 0.10428571428571415,
  "recall@10": 0.7071428571428572,
  "precision@10": 0.07071428571428558,
  "mrr": 0.3439229024943311,
  "config": "recursive_t1024_o256",
  "embedding_model": "text-embedding-3-small"
}